,Unnamed: 0.1,Unnamed: 0,id,index_x,cleaning_fee_x,service_fee_x,total_price_x,index_y,cleaning_fee_y,service_fee_y,total_price_y,cleaning_fee_delta,service_fee_delta,total_price_delta,cleaning_fee_delta_pct,service_fee_delta_pct,total_price_delta_pct,display_price_delta_pct,zipcode,City,Metro,CountyName,State
0,44,44,11384046.0,0.0,100.0,40.60706401766004,186.8896247240618,0.0,100.0,44.31015037593985,214.0056390977444,0.0,3.703086358279805,27.11601437368259,0.0,9.11931568524464,14.50910633146102,5.38979064621638,4064,Old Orchard Beach,Portland-South Portland,York County,ME
1,61,61,11886168.0,0.0,65.0,33.585903083700444,171.8942731277533,0.0,65.0,33.714285714285715,172.85714285714286,0.0,0.1283826305852713,0.9628697293895528,0.0,0.3822515365012668,0.5601523028483559,0.177900766347089,5450,Enosburg,Burlington-South Burlington,Franklin County,VT
2,70,70,12197831.0,0.0,30.0,15.083700440528634,75.41850220264317,0.0,30.0,15.75,78.75,0.0,0.6662995594713657,3.331497797356832,0.0,4.4173481308411215,4.417348130841126,4.440892098500626e-15,4043,Kennebunk,Portland-South Portland,York County,ME
3,85,85,12486642.0,0.0,120.0,54.32671081677704,266.73509933774835,0.0,120.0,54.785714285714285,269.75,0.0,0.4590034689372473,3.014900662251648,0.0,0.8448946421315443,1.1302976885070857,0.2854030463755413,4072,Saco,Portland-South Portland,York County,ME
4,152,152,13962444.0,0.0,75.0,52.27092511013216,296.80616740088107,0.0,75.0,50.60714285714285,285.7142857142857,0.0,-1.6637822529893145,-11.091881686595343,0.0,-3.182997525840245,-3.737079247283329,-0.5540817214430831,4062,Windham,Portland-South Portland,Cumberland County,ME
5,152,152,13962444.0,0.0,75.0,52.27092511013216,296.80616740088107,0.0,75.0,50.60714285714285,285.7142857142857,0.0,-1.6637822529893145,-11.091881686595343,0.0,-3.182997525840245,-3.737079247283329,-0.5540817214430831,4062,Windham,Portland-South Portland,Cumberland County,ME
6,263,263,16147651.0,0.0,80.0,21.0,68.02997275204359,0.0,80.0,21.2807881773399,69.89039408866995,0.0,0.2807881773399003,1.8604213366263596,0.0,1.3370865587614305,2.734708337172564,1.397621778411133,33147,West Little River,Miami-Fort Lauderdale-West Palm Beach,Miami-Dade County,FL
7,342,342,17509002.0,0.0,109.0,31.408388520971304,112.99558498896248,0.0,109.0,39.78195488721804,173.13533834586465,0.0,8.373566366246738,60.139753356902176,0.0,26.660286504847992,53.22310014393632,26.56281363908833,29577,Myrtle Beach,Myrtle Beach-Conway-North Myrtle Beach,Horry County,SC
8,342,342,17509002.0,0.0,109.0,31.408388520971304,112.99558498896248,0.0,109.0,39.78195488721804,173.13533834586465,0.0,8.373566366246738,60.139753356902176,0.0,26.660286504847992,53.22310014393632,26.56281363908833,29577,Myrtle Beach,Myrtle Beach-Conway-North Myrtle Beach,Horry County,SC
9,360,360,17842530.0,0.0,,29.10572687224669,205.9691629955947,0.0,,27.60338345864661,196.406015037594,,-1.5023434136000802,-9.563147958000712,,-5.16167632642982,-4.642999864113275,,4064,Old Orchard Beach,Portland-South Portland,York County,ME
10,421,421,18737101.0,0.0,160.0,76.0,380.0,0.0,160.0,76.0,380.0,0.0,0.0,0.0,0.0,0.0,0.0,0.0,4071,Raymond,Portland-South Portland,Cumberland County,ME
11,421,421,18737101.0,0.0,160.0,76.0,380.0,0.0,160.0,76.0,380.0,0.0,0.0,0.0,0.0,0.0,0.0,0.0,4071,Raymond,Portland-South Portland,Cumberland County,ME
12,426,426,18829373.0,0.0,200.0,78.0,350.0,0.0,200.0,78.0,350.0,0.0,0.0,0.0,0.0,0.0,0.0,0.0,4064,Old Orchard Beach,Portland-South Portland,York County,ME
13,439,439,18975805.0,0.0,100.0,50.37825059101655,257.2364066193853,0.0,100.0,48.39393939393939,243.53463203463204,0.0,-1.9843111970771616,-13.70177458475328,0.0,-3.938825135446454,-5.326530083677788,-1.3877049482313342,33141,Miami Beach,Miami-Fort Lauderdale-West Palm Beach,Miami-Dade County,FL
14,449,449,19143185.0,0.0,150.0,46.0,175.0,0.0,150.0,43.42857142857143,157.0,0.0,-2.5714285714285694,-18.0,0.0,-5.590062111801237,-10.285714285714285,-4.695652173913048,29575,Surfside Beach,Myrtle Beach-Conway-North Myrtle Beach,Horry County,SC
15,498,498,19782599.0,0.0,,95.54185022026432,677.9977973568282,0.0,,98.81954887218043,701.1654135338346,,3.2776986519161118,23.16761617700638,,3.4306418018487514,3.417063634620237,,28480,Wrightsville Beach,Wilmington,New Hanover County,NC
16,498,498,19782599.0,0.0,,95.54185022026432,677.9977973568282,0.0,,98.81954887218043,701.1654135338346,,3.2776986519161118,23.16761617700638,,3.4306418018487514,3.417063634620237,,28480,Wrightsville Beach,Wilmington,New Hanover County,NC
17,501,501,19806998.0,0.0,,84.85022026431719,600.9955947136564,0.0,,92.92293233082708,658.25,,8.072712066509894,57.254405286343626,,9.514073200237505,9.52659317138962,,28480,Wrightsville Beach,Wilmington,New Hanover County,NC
18,503,503,19818987.0,0.0,225.0,69.24229074889868,262.44493392070484,0.0,225.0,64.89285714285714,231.6428571428572,0.0,-4.349433606041544,-30.802076777847677,0.0,-6.281469834402789,-11.736586535579391,-5.455116701176602,4055,Naples,Portland-South Portland,Cumberland County,ME
19,562,562,20844889.0,0.0,100.0,35.38325991189427,149.44933920704847,0.0,100.0,35.24812030075188,148.3045112781955,0.0,-0.1351396111423923,-1.144827928852976,0.0,-0.381930922924839,-0.766030773322404,-0.384099850397565,5487,Starksboro,,Addison County,VT
20,572,572,2095742.0,0.0,100.0,32.25110132158591,127.09251101321586,0.0,100.0,34.25,143.75,0.0,1.9988986784140932,16.657488986784145,0.0,6.197923780904237,13.106585788561528,6.908662007657291,29585,Pawleys Island,Georgetown,Georgetown County,SC
21,581,581,21081471.0,0.0,90.0,45.47797356828194,232.4339207048458,0.0,90.0,47.06967984934087,244.63276836158192,0.0,1.5917062810589329,12.19884765673612,0.0,3.499949879405025,5.24830782862658,1.748357949221555,29577,Myrtle Beach,Myrtle Beach-Conway-North Myrtle Beach,Horry County,SC
22,602,602,21305575.0,0.0,125.0,63.69315673289183,329.31346578366447,0.0,125.0,61.26315789473684,312.7894736842105,0.0,-2.429998838154986,-16.52399209945395,0.0,-3.8151647096808263,-5.017709209106267,-1.2025444994254406,5672,Stowe,,Lamoille County,VT
23,656,656,21893890.0,0.0,100.0,22.0,55.0,0.0,100.0,22.0,55.0,0.0,0.0,0.0,0.0,0.0,0.0,0.0,33139,Miami Beach,Miami-Fort Lauderdale-West Palm Beach,Miami-Dade County,FL
24,680,680,22159493.0,0.0,180.0,67.23049645390071,293.61347517730496,0.0,180.0,68.0,299.0,0.0,0.769503546099287,5.386524822695037,0.0,1.144575135819394,1.8345632193625527,0.6899880835431591,33138,Miami,Miami-Fort Lauderdale-West Palm Beach,Miami-Dade County,FL
25,687,687,22319888.0,0.0,130.0,46.87224669603524,201.3920704845815,0.0,130.0,50.276315789473685,225.66165413533835,0.0,3.4040690934384443,24.269583650756857,0.0,7.26244064107638,12.050913222333117,4.788472581256735,5751,Killington,Rutland,Rutland County,VT
26,698,698,22415914.0,0.0,128.0,42.12334801762115,171.08590308370043,0.0,128.0,42.26315789473684,171.89473684210526,0.0,0.1398098771156952,0.8088337584048304,0.0,0.3319058994484712,0.4727647011391255,0.1408588016906543,29572,Myrtle Beach,Myrtle Beach-Conway-North Myrtle Beach,Horry County,SC
27,782,782,23386004.0,0.0,375.0,103.8568281938326,363.16079295154185,0.0,375.0,103.15789473684212,358.05263157894734,0.0,-0.6989334569904742,-5.108161372594509,0.0,-0.6729778572536643,-1.4065839351981242,-0.7336060779444599,29579,Forestbrook,Myrtle Beach-Conway-North Myrtle Beach,Horry County,SC
28,786,786,23410905.0,0.0,255.0,78.85903083700441,305.72026431718064,0.0,255.0,91.57142857142856,394.07142857142856,0.0,12.712397734424144,88.35116425424792,0.0,16.120408277270993,28.899348380316976,12.778940103045985,4064,Old Orchard Beach,Portland-South Portland,York County,ME
29,791,791,23525446.0,0.0,185.0,51.0,175.0,0.0,185.0,51.0,175.0,0.0,0.0,0.0,0.0,0.0,0.0,0.0,29585,Pawleys Island,Georgetown,Georgetown County,SC
30,827,827,23895036.0,0.0,155.0,59.0,260.0,0.0,155.0,59.0,260.0,0.0,0.0,0.0,0.0,0.0,0.0,0.0,4071,Raymond,Portland-South Portland,Cumberland County,ME
31,908,908,25275568.0,0.0,173.0,75.62334801762114,362.1035242290749,0.0,173.0,79.22556390977444,388.3101503759398,0.0,3.6022158921532963,26.20662614686495,0.0,4.763364736660346,7.237329767132021,2.4739650304716747,4055,Naples,Portland-South Portland,Cumberland County,ME
32,922,922,25570236.0,0.0,70.0,33.0,161.0,0.0,70.0,33.0,161.0,0.0,0.0,0.0,0.0,0.0,0.0,0.0,4064,Old Orchard Beach,Portland-South Portland,York County,ME
33,922,922,25570236.0,0.0,70.0,33.0,161.0,0.0,70.0,33.0,161.0,0.0,0.0,0.0,0.0,0.0,0.0,0.0,4064,Old Orchard Beach,Portland-South Portland,York County,ME
34,922,922,25570236.0,0.0,70.0,33.0,161.0,0.0,70.0,33.0,161.0,0.0,0.0,0.0,0.0,0.0,0.0,0.0,4064,Old Orchard Beach,Portland-South Portland,York County,ME
35,944,944,26105406.0,0.0,,26.99337748344371,192.4503311258278,0.0,,25.892857142857142,184.28571428571428,,-1.1005203405865664,-8.164616840113524,,-4.077001261741206,-4.24245403598466,,4064,Old Orchard Beach,Portland-South Portland,York County,ME
36,953,953,26223975.0,0.0,109.0,30.51321585903084,106.0704845814978,0.0,109.0,39.23308270676692,168.3233082706767,0.0,8.719866847736082,62.25282368917891,0.0,28.577344610352856,58.69005306688102,30.112708456528164,29579,Forestbrook,Myrtle Beach-Conway-North Myrtle Beach,Horry County,SC
37,976,976,26631720.0,0.0,320.0,242.8991825613079,1400.5367847411444,0.0,320.0,217.42364532019704,1219.9667487684728,0.0,-25.475537241110857,-180.5700359726716,0.0,-10.488111558251465,-12.892916340362,-2.4048047821105385,33139,Miami Beach,Miami-Fort Lauderdale-West Palm Beach,Miami-Dade County,FL
38,978,978,26646710.0,0.0,315.0,86.15638766519824,292.9757709251101,0.0,315.0,85.47368421052632,288.3684210526316,0.0,-0.6827034546719233,-4.607349872478494,0.0,-0.7924002771853589,-1.5726044027225088,-0.7802041255371499,29579,Forestbrook,Myrtle Beach-Conway-North Myrtle Beach,Horry County,SC
39,997,997,269204.0,0.0,150.0,57.64032697547684,257.4427792915531,0.0,150.0,55.15802469135802,240.9679012345679,0.0,-2.4823022841188163,-16.474878056985204,0.0,-4.306537478829562,-6.3994329545081,-2.092895475678538,33139,Miami Beach,Miami-Fort Lauderdale-West Palm Beach,Miami-Dade County,FL
40,1005,1005,27133549.0,0.0,,18.0,130.0,0.0,,18.0,130.0,,0.0,0.0,,0.0,0.0,,4064,Old Orchard Beach,Portland-South Portland,York County,ME
41,1041,1041,27727813.0,0.0,100.0,64.0,350.0,0.0,100.0,64.0,350.0,0.0,0.0,0.0,0.0,0.0,0.0,0.0,4064,Old Orchard Beach,Portland-South Portland,York County,ME
42,1041,1041,27727813.0,0.0,100.0,64.0,350.0,0.0,100.0,64.0,350.0,0.0,0.0,0.0,0.0,0.0,0.0,0.0,4064,Old Orchard Beach,Portland-South Portland,York County,ME
43,1079,1079,28186378.0,0.0,175.0,56.15231788079471,222.3289183222958,0.0,175.0,56.57062146892656,225.30131826742,0.0,0.4183035881318488,2.972399945124181,0.0,0.7449444723187777,1.336938067955373,0.5919935956365954,4274,Poland,Lewiston-Auburn,Androscoggin County,ME
44,1115,1115,28840968.0,0.0,,17.0,120.0,0.0,,17.0,120.0,,0.0,0.0,,0.0,0.0,,4064,Old Orchard Beach,Portland-South Portland,York County,ME
45,1115,1115,28840968.0,0.0,,17.0,120.0,0.0,,17.0,120.0,,0.0,0.0,,0.0,0.0,,4064,Old Orchard Beach,Portland-South Portland,York County,ME
46,1141,1141,29188055.0,0.0,,61.0,431.0,0.0,,61.0,431.0,,0.0,0.0,,0.0,0.0,,28462,Holden Beach,Myrtle Beach-Conway-North Myrtle Beach,Brunswick County,NC
47,1179,1179,29707344.0,0.0,196.0,69.65783664459161,297.7748344370861,0.0,196.0,69.52631578947368,297.05263157894734,0.0,-0.1315208551179267,-0.7222028581387576,0.0,-0.1888098474676622,-0.2425332078528431,-0.0537233603851808,4064,Old Orchard Beach,Portland-South Portland,York County,ME
48,1187,1187,29828422.0,0.0,150.0,51.50273224043716,215.6010928961749,0.0,150.0,51.51728395061728,215.98024691358023,0.0,0.0145517101801218,0.3791540174053409,0.0,0.0282542489438969,0.1758590424158595,0.1476047934719625,33131,Miami,Miami-Fort Lauderdale-West Palm Beach,Miami-Dade County,FL
49,1213,1213,30113457.0,0.0,120.0,47.23569482288829,213.14032697547685,0.0,120.0,48.80887792848336,224.0776818742293,0.0,1.573183105595071,10.93735489875246,0.0,3.3304963788375925,5.131527690679986,1.8010313118423935,33139,Miami Beach,Miami-Fort Lauderdale-West Palm Beach,Miami-Dade County,FL
50,1218,1218,30180696.0,0.0,112.0,42.18722466960352,185.45594713656388,0.0,112.0,42.21052631578947,185.6315789473684,0.0,0.0233016461859492,0.175631810804532,0.0,0.0552338921757476,0.0947027116230478,0.0394688194473001,29579,Forestbrook,Myrtle Beach-Conway-North Myrtle Beach,Horry County,SC
51,1224,1224,30378679.0,0.0,100.0,32.37193460490463,130.07629427792915,0.0,100.0,39.81604938271605,183.49382716049385,0.0,7.444114777811421,53.4175328825647,0.0,22.995582033220757,41.06630895282845,18.070726919607697,33141,Miami Beach,Miami-Fort Lauderdale-West Palm Beach,Miami-Dade County,FL
52,1265,1265,30949178.0,0.0,370.0,98.80837004405286,329.2004405286344,0.0,370.0,98.10526315789474,324.3684210526316,0.0,-0.7031068861581247,-4.832019476002756,0.0,-0.7115863624150975,-1.4678046810154433,-0.7562183186003457,29579,Forestbrook,Myrtle Beach-Conway-North Myrtle Beach,Horry County,SC
53,1280,1280,30987364.0,0.0,85.0,51.801762114537446,282.01762114537445,0.0,85.0,51.73684210526316,281.3684210526316,0.0,-0.0649200092742887,-0.6492000927428307,0.0,-0.1253239400056429,-0.2301984145906191,-0.1048744745849762,3251,Lincoln,Claremont-Lebanon,Grafton County,NH
54,1293,1293,31183234.0,0.0,75.0,23.70044052863436,94.70484581497796,0.0,75.0,24.398496240601503,99.7406015037594,0.0,0.6980557119671431,5.035755688781435,0.0,2.9453280040249346,5.317315756597759,2.371987752572824,5860,Brownington,,Orleans County,VT
55,1304,1304,31294674.0,0.0,80.0,29.0,125.0,0.0,80.0,29.0,125.0,0.0,0.0,0.0,0.0,0.0,0.0,0.0,33139,Miami Beach,Miami-Fort Lauderdale-West Palm Beach,Miami-Dade County,FL
56,1305,1305,31304301.0,0.0,100.0,34.752043596730246,144.84604904632153,0.0,100.0,34.214285714285715,141.96428571428572,0.0,-0.5377578824445308,-2.8817633320358027,0.0,-1.547413696543381,-1.989535338388291,-0.4421216418449101,33139,Miami Beach,Miami-Fort Lauderdale-West Palm Beach,Miami-Dade County,FL
57,1309,1309,31328359.0,0.0,80.0,31.05858310626703,139.20299727520435,0.0,80.0,31.035714285714285,139.10714285714286,0.0,-0.0228688205527447,-0.0958544180614922,0.0,-0.0736312422060562,-0.0688594498234747,0.0047717923825815,33139,Miami Beach,Miami-Fort Lauderdale-West Palm Beach,Miami-Dade County,FL
58,1318,1318,31464281.0,0.0,135.0,43.92857142857143,176.05612244897958,0.0,135.0,53.94871794871795,246.84102564102565,0.0,10.020146520146518,70.78490319204607,0.0,22.81008963935793,40.20587424476492,17.395784605406995,4064,Old Orchard Beach,Portland-South Portland,York County,ME
59,1350,1350,31832460.0,0.0,85.0,58.0,325.0,0.0,85.0,58.0,325.0,0.0,0.0,0.0,0.0,0.0,0.0,0.0,28480,Wrightsville Beach,Wilmington,New Hanover County,NC
60,1359,1359,31946454.0,0.0,109.0,31.63215859030837,113.86784140969164,0.0,109.0,40.44172932330827,176.61278195488725,0.0,8.809570732999902,62.74494054519562,0.0,27.850046046807016,55.103302010830255,27.25325596402324,29577,Myrtle Beach,Myrtle Beach-Conway-North Myrtle Beach,Horry County,SC
61,1359,1359,31946454.0,0.0,109.0,31.63215859030837,113.86784140969164,0.0,109.0,40.44172932330827,176.61278195488725,0.0,8.809570732999902,62.74494054519562,0.0,27.850046046807016,55.103302010830255,27.25325596402324,29577,Myrtle Beach,Myrtle Beach-Conway-North Myrtle Beach,Horry County,SC
62,1366,1366,32044795.0,0.0,100.0,34.32387706855792,144.58037825059102,0.0,100.0,34.85497835497836,147.28896103896105,0.0,0.5311012864204372,2.7085827883700238,0.0,1.5473231225004818,1.8734096708997583,0.3260865483992767,33139,Miami Beach,Miami-Fort Lauderdale-West Palm Beach,Miami-Dade County,FL
63,1498,1498,34208271.0,0.0,100.0,54.0,279.0,0.0,100.0,62.35714285714285,340.7142857142857,0.0,8.357142857142847,61.71428571428572,0.0,15.476190476190457,22.11981566820277,6.643625192012312,4064,Old Orchard Beach,Portland-South Portland,York County,ME
64,1498,1498,34208271.0,0.0,100.0,54.0,279.0,0.0,100.0,62.35714285714285,340.7142857142857,0.0,8.357142857142847,61.71428571428572,0.0,15.476190476190457,22.11981566820277,6.643625192012312,4064,Old Orchard Beach,Portland-South Portland,York County,ME
65,1547,1547,35009494.0,0.0,,33.0,235.0,0.0,,33.0,235.0,,0.0,0.0,,0.0,0.0,,4064,Old Orchard Beach,Portland-South Portland,York County,ME
66,1583,1583,35537751.0,0.0,35.0,31.444933920704845,188.546255506608,0.0,35.0,31.5,188.92857142857144,0.0,0.0550660792951553,0.3823159219634817,0.0,0.1751190809750668,0.2027703604806316,0.0276512795055647,4064,Old Orchard Beach,Portland-South Portland,York County,ME
67,1583,1583,35537751.0,0.0,35.0,31.444933920704845,188.546255506608,0.0,35.0,31.5,188.92857142857144,0.0,0.0550660792951553,0.3823159219634817,0.0,0.1751190809750668,0.2027703604806316,0.0276512795055647,4064,Old Orchard Beach,Portland-South Portland,York County,ME
68,1603,1603,35739911.0,0.0,50.0,28.39867841409692,149.5726872246696,0.0,50.0,35.36654135338346,199.31578947368425,0.0,6.96786293928654,49.74310224901464,0.0,24.535870429194823,33.25680856044038,8.720938131245557,4064,Old Orchard Beach,Portland-South Portland,York County,ME
69,1625,1625,35996599.0,0.0,99.0,49.54405286343612,253.7665198237885,0.0,99.0,49.21428571428572,250.53571428571428,0.0,-0.329767149150399,-3.230805538074236,0.0,-0.6656039021663681,-1.2731409723858202,-0.6075370702194521,4064,Old Orchard Beach,Portland-South Portland,York County,ME
70,1665,1665,36614970.0,0.0,135.0,42.779735682819386,168.27092511013217,0.0,135.0,54.80451127819549,253.45488721804512,0.0,12.024775595376106,85.18396210791295,0.0,28.108578520753536,50.62310203153672,22.51452351078318,4064,Old Orchard Beach,Portland-South Portland,York County,ME
71,1665,1665,36614970.0,0.0,135.0,42.779735682819386,168.27092511013217,0.0,135.0,54.80451127819549,253.45488721804512,0.0,12.024775595376106,85.18396210791295,0.0,28.108578520753536,50.62310203153672,22.51452351078318,4064,Old Orchard Beach,Portland-South Portland,York County,ME
72,1686,1686,37054390.0,0.0,69.0,45.70449172576832,255.25413711583928,0.0,69.0,46.489177489177486,260.3073593073593,0.0,0.7846857634091648,5.053222191520035,0.0,1.7168679352510048,1.9796827775711168,0.2628148423201124,33139,Miami Beach,Miami-Fort Lauderdale-West Palm Beach,Miami-Dade County,FL
73,1696,1696,37218395.0,0.0,75.0,42.72458628841608,227.8995271867612,0.0,75.0,41.02708559046587,215.69014084507043,0.0,-1.697500697950204,-12.20938634169076,0.0,-3.9731237805114743,-5.357354836320174,-1.3842310558086992,33131,Miami,Miami-Fort Lauderdale-West Palm Beach,Miami-Dade County,FL
74,1762,1762,38068245.0,0.0,100.0,32.673758865248224,130.66666666666666,0.0,100.0,33.75,137.71428571428572,0.0,1.0762411347517755,7.047619047619065,0.0,3.293900586064692,5.393586005830918,2.099685419766226,33127,Miami,Miami-Fort Lauderdale-West Palm Beach,Miami-Dade County,FL
75,1798,1798,38522847.0,0.0,100.0,25.0,75.0,0.0,100.0,25.0,75.0,0.0,0.0,0.0,0.0,0.0,0.0,0.0,4015,Casco,Portland-South Portland,Cumberland County,ME
76,1798,1798,38522847.0,0.0,100.0,25.0,75.0,0.0,100.0,25.0,75.0,0.0,0.0,0.0,0.0,0.0,0.0,0.0,4015,Casco,Portland-South Portland,Cumberland County,ME
77,1855,1855,39112403.0,0.0,125.0,48.76431718061674,219.546255506608,0.0,125.0,66.85338345864662,348.34774436090225,0.0,18.089066278029875,128.8014888542943,0.0,37.09488274188339,58.66713078621265,21.572248044329264,29577,Myrtle Beach,Myrtle Beach-Conway-North Myrtle Beach,Horry County,SC
78,1902,1902,39624498.0,0.0,99.0,27.81236203090508,98.44812362030903,0.0,99.0,36.18079096045198,156.40112994350284,0.0,8.368428929546898,57.95300632319381,0.0,30.08888249134649,58.86654228850998,28.77765979716349,29577,Myrtle Beach,Myrtle Beach-Conway-North Myrtle Beach,Horry County,SC
79,1920,1920,39776875.0,0.0,115.0,32.95364238410596,116.70419426048564,0.0,115.0,31.652255639097746,108.8984962406015,0.0,-1.301386745008216,-7.805698019884133,0.0,-3.949143860454997,-6.688446862896538,-2.7393030024415417,5751,Killington,Rutland,Rutland County,VT
80,1934,1934,39925347.0,0.0,120.0,68.21867612293144,440.2293144208038,0.0,120.0,67.06493506493507,397.2142857142857,0.0,-1.1537410579963705,-43.01502870651808,0.0,-1.6912392962849434,-9.771050517867408,-8.079811221582464,33131,Miami,Miami-Fort Lauderdale-West Palm Beach,Miami-Dade County,FL
81,1938,1938,39940481.0,0.0,200.0,99.0,499.0,0.0,200.0,99.0,499.0,0.0,0.0,0.0,0.0,0.0,0.0,0.0,33175,Tamiami,Miami-Fort Lauderdale-West Palm Beach,Miami-Dade County,FL
82,2036,2036,41103264.0,0.0,290.0,0.0,943.6682986536108,0.0,290.0,0.0,898.2555803571429,0.0,0.0,-45.41271829646792,0.0,,-4.8123602712161695,,33150,Miami,Miami-Fort Lauderdale-West Palm Beach,Miami-Dade County,FL
83,2046,2046,41233602.0,0.0,200.0,78.54609929078015,352.90070921985813,0.0,200.0,80.75,368.6428571428572,0.0,2.203900709219852,15.742147922999097,0.0,2.805869074492091,4.460786706209676,1.654917631717585,33138,Miami,Miami-Fort Lauderdale-West Palm Beach,Miami-Dade County,FL
84,2051,2051,41296733.0,0.0,120.0,33.81718061674009,118.92290748898678,0.0,120.0,52.22598870056497,249.2542372881356,0.0,18.40880808382488,130.33132979914882,0.0,54.43625916795737,109.59312427777512,55.15686510981775,29582,North Myrtle Beach,Myrtle Beach-Conway-North Myrtle Beach,Horry County,SC
85,2101,2101,41796855.0,0.0,,51.11013215859031,360.75770925110135,0.0,,50.94915254237288,359.4877589453861,,-0.1609796162174319,-1.2699503057152697,,-0.3149661513649116,-0.3520230540191547,,28428,Carolina Beach,Wilmington,New Hanover County,NC
86,2124,2124,41953607.0,0.0,180.0,55.0,210.0,0.0,180.0,55.0,210.0,0.0,0.0,0.0,0.0,0.0,0.0,0.0,29585,Pawleys Island,Georgetown,Georgetown County,SC
87,2136,2136,42002224.0,0.0,175.0,51.02422907488987,188.51321585903085,0.0,175.0,56.80075187969925,229.16353383458647,0.0,5.776522804809382,40.65031797555562,0.0,11.321136858983206,21.56364358345768,10.24250672447447,4064,Old Orchard Beach,Portland-South Portland,York County,ME
88,2136,2136,42002224.0,0.0,175.0,51.02422907488987,188.51321585903085,0.0,175.0,56.80075187969925,229.16353383458647,0.0,5.776522804809382,40.65031797555562,0.0,11.321136858983206,21.56364358345768,10.24250672447447,4064,Old Orchard Beach,Portland-South Portland,York County,ME
89,2138,2138,42046962.0,0.0,90.0,59.38105726872247,329.0440528634361,0.0,90.0,59.17857142857143,327.57142857142856,0.0,-0.2024858401510414,-1.472624292007538,0.0,-0.3409939961740895,-0.4475462416634908,-0.1065522454894012,5751,Killington,Rutland,Rutland County,VT
90,2230,2230,42778398.0,0.0,225.0,59.31796690307328,194.44444444444449,0.0,225.0,57.68722943722944,182.1136363636364,0.0,-1.6307374658438365,-12.330808080808085,0.0,-2.749145918147352,-6.341558441558441,-3.592412523411089,33125,Miami,Miami-Fort Lauderdale-West Palm Beach,Miami-Dade County,FL
91,2278,2278,43170929.0,0.0,149.0,52.27312775330397,222.1057268722467,0.0,149.0,67.1842105263158,327.32706766917295,0.0,14.911082773011827,105.22134079692626,0.0,28.52533110967204,47.37443841664141,18.84910730696936,29582,North Myrtle Beach,Myrtle Beach-Conway-North Myrtle Beach,Horry County,SC
92,2301,2301,43388036.0,0.0,50.0,22.52863436123348,111.6431718061674,0.0,50.0,22.571428571428573,111.85714285714286,0.0,0.0427942101950939,0.2139710509754593,0.0,0.1899547460752119,0.191656191340525,0.0017014452653131,3574,Bethlehem,Claremont-Lebanon,Grafton County,NH
93,2338,2338,43553056.0,0.0,,28.0,200.0,0.0,,29.526315789473685,210.4003759398496,,1.526315789473685,10.400375939849596,,5.451127819548875,5.200187969924798,,29582,North Myrtle Beach,Myrtle Beach-Conway-North Myrtle Beach,Horry County,SC
94,2338,2338,43553056.0,0.0,,28.0,200.0,0.0,,29.526315789473685,210.4003759398496,,1.526315789473685,10.400375939849596,,5.451127819548875,5.200187969924798,,29582,North Myrtle Beach,Myrtle Beach-Conway-North Myrtle Beach,Horry County,SC
95,2346,2346,43590866.0,0.0,150.0,52.0,215.0,0.0,150.0,51.82706766917293,214.1203007518797,0.0,-0.1729323308270665,-0.8796992481202892,0.0,-0.3325621746674355,-0.409162440986181,-0.0766002663187455,29582,North Myrtle Beach,Myrtle Beach-Conway-North Myrtle Beach,Horry County,SC
96,2521,2521,44701853.0,0.0,,46.50118203309693,329.581560283688,0.0,,45.00865800865801,319.5551948051948,,-1.4925240244389215,-10.026365478493233,,-3.209647495361788,-3.04215001284144,,33139,Miami Beach,Miami-Fort Lauderdale-West Palm Beach,Miami-Dade County,FL
97,2550,2550,45054625.0,0.0,80.0,37.047281323877066,184.11111111111111,0.0,80.0,35.77874186550976,179.11062906724513,0.0,-1.2685394583673073,-5.000482043865986,0.0,-3.424109443490339,-2.7160131801324003,0.7080962633579388,33139,Miami Beach,Miami-Fort Lauderdale-West Palm Beach,Miami-Dade County,FL
98,2553,2553,45056124.0,0.0,100.0,46.0,225.0,0.0,100.0,46.0,225.0,0.0,0.0,0.0,0.0,0.0,0.0,0.0,4039,Gray,Portland-South Portland,Cumberland County,ME
99,2553,2553,45056124.0,0.0,100.0,46.0,225.0,0.0,100.0,46.0,225.0,0.0,0.0,0.0,0.0,0.0,0.0,0.0,4039,Gray,Portland-South Portland,Cumberland County,ME
100,2589,2589,45162522.0,0.0,,35.61674008810573,254.40528634361235,0.0,,38.2165725047081,272.9755178907721,,2.599832416602368,18.57023154715975,,7.29946763845068,7.299467638450673,,3574,Bethlehem,Claremont-Lebanon,Grafton County,NH
101,2605,2605,45268413.0,0.0,150.0,64.27337278106509,304.4603550295858,0.0,150.0,68.27489177489177,332.7099567099567,0.0,4.001518993826679,28.249601680370915,0.0,6.225780320346787,9.278581337010454,3.0528010166636674,33140,Miami Beach,Miami-Fort Lauderdale-West Palm Beach,Miami-Dade County,FL
102,2610,2610,45286702.0,0.0,120.0,35.0130023640662,127.9290780141844,0.0,120.0,33.54279523293608,118.05200433369448,0.0,-1.470207131130124,-9.877073680489914,0.0,-4.1990318791941,-7.7207417061153,-3.5217098269211995,33127,Miami,Miami-Fort Lauderdale-West Palm Beach,Miami-Dade County,FL
103,2643,2643,45489701.0,0.0,149.0,52.27312775330397,222.1057268722467,0.0,149.0,67.1842105263158,327.32706766917295,0.0,14.911082773011827,105.22134079692626,0.0,28.52533110967204,47.37443841664141,18.84910730696936,29582,North Myrtle Beach,Myrtle Beach-Conway-North Myrtle Beach,Horry County,SC
104,2643,2643,45489701.0,0.0,149.0,52.27312775330397,222.1057268722467,0.0,149.0,67.1842105263158,327.32706766917295,0.0,14.911082773011827,105.22134079692626,0.0,28.52533110967204,47.37443841664141,18.84910730696936,29582,North Myrtle Beach,Myrtle Beach-Conway-North Myrtle Beach,Horry County,SC
105,2644,2644,45495515.0,0.0,65.0,47.86563876651982,273.9405286343612,0.0,65.0,54.84586466165413,322.96992481203006,0.0,6.980225895134311,49.02939617766884,0.0,14.582957785610311,17.89782491188452,3.3148671262742084,28428,Carolina Beach,Wilmington,New Hanover County,NC
106,2655,2655,45564612.0,0.0,345.0,100.00881057268722,362.3127753303965,0.0,345.0,106.28571428571428,407.1785714285714,0.0,6.276903713027053,44.86579609817488,0.0,6.27635073058383,12.38316701840318,6.106816287819352,29582,North Myrtle Beach,Myrtle Beach-Conway-North Myrtle Beach,Horry County,SC
107,2656,2656,45564949.0,0.0,,46.53405994550409,329.8174386920981,0.0,,45.01970443349754,319.6317733990148,,-1.5143555120065528,-10.185665293083332,,-3.254294840768268,-3.088273723025357,,33169,Miami Gardens,Miami-Fort Lauderdale-West Palm Beach,Miami-Dade County,FL
108,2657,2657,45565249.0,0.0,345.0,107.0044052863436,412.2819383259912,0.0,345.0,113.28571428571428,457.4285714285714,0.0,6.28130899937068,45.14663310258021,0.0,5.87014056342999,10.95042709993344,5.080286536503451,29582,North Myrtle Beach,Myrtle Beach-Conway-North Myrtle Beach,Horry County,SC
109,2696,2696,45845041.0,0.0,250.0,72.75550660792952,264.74229074889865,0.0,250.0,86.67105263157895,363.74436090225566,0.0,13.915546023649426,99.002070153357,0.0,19.12645059107153,37.39563855600916,18.269187964937625,29577,Myrtle Beach,Myrtle Beach-Conway-North Myrtle Beach,Horry County,SC
110,2696,2696,45845041.0,0.0,250.0,72.75550660792952,264.74229074889865,0.0,250.0,86.67105263157895,363.74436090225566,0.0,13.915546023649426,99.002070153357,0.0,19.12645059107153,37.39563855600916,18.269187964937625,29577,Myrtle Beach,Myrtle Beach-Conway-North Myrtle Beach,Horry County,SC
111,2828,2828,46615137.0,0.0,149.0,60.31497797356828,277.8458149779736,0.0,149.0,78.796992481203,409.3383458646617,0.0,18.482014507634723,131.4925308866881,0.0,30.64249565959232,47.32571944519382,16.683223785601502,29582,North Myrtle Beach,Myrtle Beach-Conway-North Myrtle Beach,Horry County,SC
112,2828,2828,46615137.0,0.0,149.0,60.31497797356828,277.8458149779736,0.0,149.0,78.796992481203,409.3383458646617,0.0,18.482014507634723,131.4925308866881,0.0,30.64249565959232,47.32571944519382,16.683223785601502,29582,North Myrtle Beach,Myrtle Beach-Conway-North Myrtle Beach,Horry County,SC
113,2854,2854,46852151.0,0.0,100.0,53.0,275.0,0.0,100.0,53.0,275.0,0.0,0.0,0.0,0.0,0.0,0.0,0.0,28480,Wrightsville Beach,Wilmington,New Hanover County,NC
114,2876,2876,46905417.0,0.0,84.0,71.83611111111111,424.8944444444445,0.0,84.0,70.3404761904762,414.3690476190476,0.0,-1.495634920634913,-10.52539682539691,0.0,-2.082009865931591,-2.477179206039988,-0.3951693401083971,29582,North Myrtle Beach,Myrtle Beach-Conway-North Myrtle Beach,Horry County,SC
115,2878,2878,46905442.0,0.0,61.0,41.73537604456825,234.3091922005571,0.0,61.0,44.08114558472554,250.79952267303105,0.0,2.345769540157292,16.490330472473943,0.0,5.620578421654327,7.037850422171672,1.4172720005173458,29582,North Myrtle Beach,Myrtle Beach-Conway-North Myrtle Beach,Horry County,SC
116,2882,2882,46905541.0,0.0,61.0,35.43055555555556,190.94166666666663,0.0,61.0,41.0692124105012,231.6801909307876,0.0,5.638656854945644,40.73852426412097,0.0,15.914672424777985,21.33558639939998,5.420913974621994,29582,North Myrtle Beach,Myrtle Beach-Conway-North Myrtle Beach,Horry County,SC
117,2954,2954,47239557.0,0.0,176.0,46.14977973568282,150.91189427312776,0.0,176.0,60.8286252354049,254.83804143126176,0.0,14.67884549972208,103.926147158134,0.0,31.80696762540008,68.8654447409184,37.05847711551833,29579,Forestbrook,Myrtle Beach-Conway-North Myrtle Beach,Horry County,SC
118,2954,2954,47239557.0,0.0,176.0,46.14977973568282,150.91189427312776,0.0,176.0,60.8286252354049,254.83804143126176,0.0,14.67884549972208,103.926147158134,0.0,31.80696762540008,68.8654447409184,37.05847711551833,29579,Forestbrook,Myrtle Beach-Conway-North Myrtle Beach,Horry County,SC
119,2990,2990,47487878.0,0.0,,96.7114537444934,684.9867841409691,0.0,,106.4342105263158,753.781954887218,,9.722756781822396,68.79517074624891,,10.053366385650053,10.043284387234394,,28480,Wrightsville Beach,Wilmington,New Hanover County,NC
120,2990,2990,47487878.0,0.0,,96.7114537444934,684.9867841409691,0.0,,106.4342105263158,753.781954887218,,9.722756781822396,68.79517074624891,,10.053366385650053,10.043284387234394,,28480,Wrightsville Beach,Wilmington,New Hanover County,NC
121,3055,3055,47593126.0,0.0,150.0,42.58590308370045,153.34801762114537,0.0,150.0,43.85714285714285,163.03571428571428,0.0,1.271239773442396,9.687696664568904,0.0,2.985118739747841,6.317458037509742,3.332339297761901,29577,Myrtle Beach,Myrtle Beach-Conway-North Myrtle Beach,Horry County,SC
122,3060,3060,4770882.0,0.0,45.0,24.160183066361554,126.70022883295196,0.0,45.0,24.017875920084123,123.30914826498424,0.0,-0.1423071462774316,-3.39108056796772,0.0,-0.5890151820727189,-2.67645970271979,-2.087444520647071,33141,Miami Beach,Miami-Fort Lauderdale-West Palm Beach,Miami-Dade County,FL
123,3079,3079,47802832.0,0.0,95.0,30.31277533039648,119.30176211453744,0.0,95.0,41.26127819548872,195.8345864661654,0.0,10.94850286509224,76.53282435162797,0.0,36.11844427228511,64.1506235910845,28.032179318799383,29577,Myrtle Beach,Myrtle Beach-Conway-North Myrtle Beach,Horry County,SC
124,3134,3134,47966702.0,0.0,100.0,63.69823788546256,353.9669603524229,0.0,100.0,61.26315789473684,335.94736842105266,0.0,-2.4350799907257183,-18.019591931370257,0.0,-3.822837289634759,-5.090755338698637,-1.2679180490638775,4064,Old Orchard Beach,Portland-South Portland,York County,ME
125,3134,3134,47966702.0,0.0,100.0,63.69823788546256,353.9669603524229,0.0,100.0,61.26315789473684,335.94736842105266,0.0,-2.4350799907257183,-18.019591931370257,0.0,-3.822837289634759,-5.090755338698637,-1.2679180490638775,4064,Old Orchard Beach,Portland-South Portland,York County,ME
126,3239,3239,48435649.0,0.0,135.327868852459,57.513661202185794,272.4603825136612,0.0,135.51724137931035,54.1564039408867,248.8571428571429,0.1893725268513435,-3.3572572612990967,-23.603239656518326,0.1399360888907566,-5.837321413945222,-8.662998795920304,-2.965613470865838,33141,Miami Beach,Miami-Fort Lauderdale-West Palm Beach,Miami-Dade County,FL
127,3304,3304,48754550.0,0.0,120.0,52.0,250.0,0.0,120.0,52.0,250.0,0.0,0.0,0.0,0.0,0.0,0.0,0.0,4064,Old Orchard Beach,Portland-South Portland,York County,ME
128,3304,3304,48754550.0,0.0,120.0,52.0,250.0,0.0,120.0,52.0,250.0,0.0,0.0,0.0,0.0,0.0,0.0,0.0,4064,Old Orchard Beach,Portland-South Portland,York County,ME
129,3354,3354,48990447.0,0.0,130.0,83.22151898734177,461.0430379746836,0.0,130.0,84.07603686635944,467.2085253456221,0.0,0.8545178790176777,6.165487370938479,0.0,1.0267991853737402,1.3372910689689306,0.3104918835951904,33137,Miami,Miami-Fort Lauderdale-West Palm Beach,Miami-Dade County,FL
130,3358,3358,49027197.0,0.0,125.0,47.46916299559472,212.9955947136564,0.0,125.0,56.67857142857143,278.57142857142856,0.0,9.209408432976709,65.57583385777215,0.0,19.400823296234165,30.78741320726841,11.38658991103425,28428,Carolina Beach,Wilmington,New Hanover County,NC
131,3434,3434,49341197.0,0.0,201.0,70.0,296.3777777777778,0.0,201.0,70.0,296.46666666666664,0.0,0.0,0.0888888888888459,0.0,0.0,0.0299917522681117,0.0299917522681117,29579,Forestbrook,Myrtle Beach-Conway-North Myrtle Beach,Horry County,SC
132,3440,3440,49364043.0,0.0,,31.273127753303964,221.4977973568282,0.0,,31.10734463276836,220.2278719397364,,-0.1657831205356039,-1.2699254170917982,,-0.5301136549032553,-0.5733354607793123,,29582,North Myrtle Beach,Myrtle Beach-Conway-North Myrtle Beach,Horry County,SC
133,3441,3441,49365407.0,0.0,145.0,53.6057268722467,235.07488986784145,0.0,145.0,58.546992481203006,271.0563909774436,0.0,4.941265608956307,35.981501109602135,0.0,9.21779424935762,15.306399220193551,6.088604970835934,29579,Forestbrook,Myrtle Beach-Conway-North Myrtle Beach,Horry County,SC
134,3450,3450,49405546.0,0.0,95.0,30.30396475770925,120.30616740088104,0.0,95.0,29.89097744360902,117.56203007518798,0.0,-0.4129873141002278,-2.7441373256930603,0.0,-1.3628161113643222,-2.280961471035079,-0.9181453596707568,29577,Myrtle Beach,Myrtle Beach-Conway-North Myrtle Beach,Horry County,SC
135,3450,3450,49405546.0,0.0,95.0,30.30396475770925,120.30616740088104,0.0,95.0,29.89097744360902,117.56203007518798,0.0,-0.4129873141002278,-2.7441373256930603,0.0,-1.3628161113643222,-2.280961471035079,-0.9181453596707568,29577,Myrtle Beach,Myrtle Beach-Conway-North Myrtle Beach,Horry County,SC
136,3472,3472,49502144.0,0.0,250.0,79.8898678414097,314.3171806167401,0.0,250.0,83.18609022556392,337.8609022556391,0.0,3.29622238415422,23.543721638899,0.0,4.1259579884367685,7.490434214478029,3.36447622604126,29579,Forestbrook,Myrtle Beach-Conway-North Myrtle Beach,Horry County,SC
137,3483,3483,49567533.0,0.0,115.0,98.21985815602837,579.7446808510638,0.0,115.0,114.1396103896104,693.8203463203463,0.0,15.919752233582033,114.07566546928253,0.0,16.208282655318555,19.67688005378845,3.4685973984699,33139,Miami Beach,Miami-Fort Lauderdale-West Palm Beach,Miami-Dade County,FL
138,3546,3546,49856849.0,0.0,150.0,59.01321585903084,270.9251101321586,0.0,150.0,85.42857142857143,454.6428571428572,0.0,26.415355569540587,183.71774701069864,0.0,44.76176257304951,67.81126596980259,23.04950339675308,4064,Old Orchard Beach,Portland-South Portland,York County,ME
139,3553,3553,49881542.0,0.0,125.0,63.25991189427313,323.44933920704847,0.0,125.0,68.71616541353383,361.6127819548872,0.0,5.456253519260699,38.16344274783876,0.0,8.625136134207372,11.798893403646538,3.1737572694391663,4064,Old Orchard Beach,Portland-South Portland,York County,ME
140,3566,3566,49904473.0,0.0,299.0,113.0,499.0,0.0,299.0,113.03947368421052,499.3045112781955,0.0,0.0394736842105203,0.3045112781954913,0.0,0.0349324639031153,0.0610243042475934,0.0260918403444781,28480,Wrightsville Beach,Wilmington,New Hanover County,NC
141,3569,3569,49909473.0,0.0,100.0,39.16740088105727,176.38105726872246,0.0,100.0,39.78947368421053,180.9812030075188,0.0,0.6220728031532587,4.6001457387963285,0.0,1.5882412137643656,2.60807243704626,1.019831223281894,5478,Saint Albans,Burlington-South Burlington,Franklin County,VT
142,3574,3574,49924715.0,0.0,150.0,70.26702997275204,347.5967302452316,0.0,150.0,70.58765432098765,349.82716049382714,0.0,0.3206243482356115,2.230430248595553,0.0,0.4562941515529293,0.6416718152158598,0.1853776636629305,33139,Miami Beach,Miami-Fort Lauderdale-West Palm Beach,Miami-Dade County,FL
143,3581,3581,49952158.0,0.0,125.0,43.38105726872247,181.1806167400881,0.0,125.0,47.2687969924812,209.83834586466165,0.0,3.887739723758728,28.65772912457353,0.0,8.961837190081045,15.817215792837464,6.855378602756419,29579,Forestbrook,Myrtle Beach-Conway-North Myrtle Beach,Horry County,SC
144,3581,3581,49952158.0,0.0,125.0,43.38105726872247,181.1806167400881,0.0,125.0,47.2687969924812,209.83834586466165,0.0,3.887739723758728,28.65772912457353,0.0,8.961837190081045,15.817215792837464,6.855378602756419,29579,Forestbrook,Myrtle Beach-Conway-North Myrtle Beach,Horry County,SC
145,3581,3581,49952158.0,0.0,125.0,43.38105726872247,181.1806167400881,0.0,125.0,47.2687969924812,209.83834586466165,0.0,3.887739723758728,28.65772912457353,0.0,8.961837190081045,15.817215792837464,6.855378602756419,29579,Forestbrook,Myrtle Beach-Conway-North Myrtle Beach,Horry County,SC
146,3620,3620,5.491248684343825e+17,0.0,100.0,56.0,300.0,0.0,100.0,56.0,300.0,0.0,0.0,0.0,0.0,0.0,0.0,0.0,4039,Gray,Portland-South Portland,Cumberland County,ME
147,3620,3620,5.491248684343825e+17,0.0,100.0,56.0,300.0,0.0,100.0,56.0,300.0,0.0,0.0,0.0,0.0,0.0,0.0,0.0,4039,Gray,Portland-South Portland,Cumberland County,ME
148,3653,3653,5.499076974218298e+17,0.0,250.0,104.34801762114536,489.511013215859,0.0,250.0,112.02255639097744,543.718045112782,0.0,7.674538769832083,54.20703189692296,0.0,7.354752821175678,11.07371038310416,3.718957561928482,29582,North Myrtle Beach,Myrtle Beach-Conway-North Myrtle Beach,Horry County,SC
149,3654,3654,5.499086575435229e+17,0.0,250.0,104.34801762114536,489.511013215859,0.0,250.0,112.06203007518798,543.968045112782,0.0,7.714012454042617,54.45703189692296,0.0,7.392581699107841,11.124781757036612,3.732200057928771,29582,North Myrtle Beach,Myrtle Beach-Conway-North Myrtle Beach,Horry County,SC
150,3654,3654,5.499086575435229e+17,0.0,250.0,104.34801762114536,489.511013215859,0.0,250.0,112.06203007518798,543.968045112782,0.0,7.714012454042617,54.45703189692296,0.0,7.392581699107841,11.124781757036612,3.732200057928771,29582,North Myrtle Beach,Myrtle Beach-Conway-North Myrtle Beach,Horry County,SC
151,3673,3673,5.521396636550185e+17,0.0,10.0,16.0,100.0,0.0,10.0,16.0,100.0,0.0,0.0,0.0,0.0,0.0,0.0,0.0,4064,Old Orchard Beach,Portland-South Portland,York County,ME
152,3679,3679,5.5348880450757856e+17,0.0,175.0,54.75550660792952,213.2819383259912,0.0,175.0,62.642857142857146,270.32142857142856,0.0,7.887350534927627,57.03949024543735,0.0,14.404670915391376,26.743703987843183,12.339033072451809,29582,North Myrtle Beach,Myrtle Beach-Conway-North Myrtle Beach,Horry County,SC
153,3694,3694,5.54287114610914e+17,0.0,184.0,65.0,277.4977973568282,0.0,184.0,65.0,277.3684210526316,0.0,0.0,-0.1293763041965689,0.0,0.0,-0.0466224616659594,-0.0466224616659594,28428,Carolina Beach,Wilmington,New Hanover County,NC
154,3706,3706,5.565375938198284e+17,0.0,,35.0,249.0,0.0,,35.0,249.0,,0.0,0.0,,0.0,0.0,,29579,Forestbrook,Myrtle Beach-Conway-North Myrtle Beach,Horry County,SC
155,3747,3747,5.632085785473448e+17,0.0,209.91189427312776,46.31497797356828,121.93832599118944,0.0,211.8421052631579,56.52255639097744,198.1428571428572,1.9302109900301327,10.20757841740916,76.20453115166772,0.9195338819241138,22.039475919074324,62.49432287365813,39.53531307265968,29579,Forestbrook,Myrtle Beach-Conway-North Myrtle Beach,Horry County,SC
156,3809,3809,5.714812931201324e+17,0.0,150.0,38.83222958057395,124.80794701986756,0.0,150.0,44.86654135338346,167.60714285714286,0.0,6.0343117728095095,42.799195837275306,0.0,15.539441948057004,34.29204378344779,18.752601835390784,29579,Forestbrook,Myrtle Beach-Conway-North Myrtle Beach,Horry County,SC
157,3826,3826,5.738464231486312e+17,0.0,210.0,101.0,505.0,0.0,210.0,101.0,505.0,0.0,0.0,0.0,0.0,0.0,0.0,0.0,28480,Wrightsville Beach,Wilmington,New Hanover County,NC
158,3833,3833,5.746350499041529e+17,0.0,302.0,71.70484581497797,207.6740088105727,0.0,302.0,71.89473684210526,209.0,0.0,0.1898910271272882,1.3259911894272989,0.0,0.2648231440553814,0.638496457511342,0.3736733134559606,29577,Myrtle Beach,Myrtle Beach-Conway-North Myrtle Beach,Horry County,SC
159,3847,3847,5.747054479287811e+17,0.0,190.0,61.55506607929515,246.6013215859031,0.0,190.0,60.68421052631579,240.3684210526316,0.0,-0.8708555529793642,-6.232900533271504,0.0,-1.4147585380828431,-2.527521139460028,-1.1127626013771843,29579,Forestbrook,Myrtle Beach-Conway-North Myrtle Beach,Horry County,SC
160,3857,3857,5.753548003822624e+17,0.0,117.97797356828194,38.70044052863436,160.11453744493392,0.0,120.40866290018832,45.983050847457626,205.6798493408663,2.430689331906379,7.282610318823266,45.56531189593238,2.060290796993197,18.817900311586584,28.457948055842877,7.579756947263093,29577,Myrtle Beach,Myrtle Beach-Conway-North Myrtle Beach,Horry County,SC
161,3869,3869,5.784476072687446e+17,0.0,145.0,54.47797356828194,241.5022026431718,0.0,145.0,59.29135338345865,277.21992481203006,0.0,4.8133798151767095,35.717722168858245,0.0,8.83546046209609,14.789812174770292,5.954351712674201,29577,Myrtle Beach,Myrtle Beach-Conway-North Myrtle Beach,Horry County,SC
162,3881,3881,5.797128257741157e+17,0.0,100.0,32.392070484581495,130.44052863436124,0.0,100.0,34.285714285714285,144.64285714285714,0.0,1.8936438011327892,14.202328508495896,0.0,5.84601037477415,10.88797221016065,5.041961835386499,29579,Forestbrook,Myrtle Beach-Conway-North Myrtle Beach,Horry County,SC
163,3896,3896,5.832400639073962e+17,0.0,182.33995584988963,52.09050772626932,185.35320088300224,0.0,184.21052631578948,57.22556390977444,220.7330827067669,1.8705704658998457,5.135056183505121,35.37988182376466,1.02586975914362,9.857949956044497,19.087818098214004,8.20399838302589,29582,North Myrtle Beach,Myrtle Beach-Conway-North Myrtle Beach,Horry County,SC
164,3902,3902,5.83857358241714e+17,0.0,,135.29515418502203,956.4273127753304,0.0,,126.62406015037594,896.8101503759399,,-8.671094034646089,-59.61716239939051,,-6.409020402007887,-6.233318685389203,,4064,Old Orchard Beach,Portland-South Portland,York County,ME
165,3902,3902,5.83857358241714e+17,0.0,,135.29515418502203,956.4273127753304,0.0,,126.62406015037594,896.8101503759399,,-8.671094034646089,-59.61716239939051,,-6.409020402007887,-6.233318685389203,,4064,Old Orchard Beach,Portland-South Portland,York County,ME
166,3911,3911,5.839371009728357e+17,0.0,250.0,130.49118942731278,676.9295154185022,0.0,250.0,130.26315789473685,675.1052631578947,0.0,-0.2280315325759261,-1.8242522606075229,0.0,-0.1747486045431029,-0.2694892480023868,-0.0947406434592839,4071,Raymond,Portland-South Portland,Cumberland County,ME
167,3924,3924,5.861728103051046e+17,0.0,129.0,86.96467991169978,488.757174392936,0.0,129.0,86.96981132075472,488.7924528301887,0.0,0.0051314090549396,0.0352784372527139,0.0,0.0059005668279925,0.0072179886252374,0.0013174217972448,29582,North Myrtle Beach,Myrtle Beach-Conway-North Myrtle Beach,Horry County,SC
168,3926,3926,5.864076143340462e+17,0.0,50.0,35.0,200.0,0.0,50.0,35.0,200.0,0.0,0.0,0.0,0.0,0.0,0.0,0.0,29582,North Myrtle Beach,Myrtle Beach-Conway-North Myrtle Beach,Horry County,SC
169,3942,3942,5.890750731338593e+17,0.0,225.0,74.08810572687224,306.0220264317181,0.0,225.0,73.43126177024482,300.2617702448211,0.0,-0.6568439566274265,-5.7602561868969815,0.0,-0.8865714006090251,-1.88230117095256,-0.9957297703435348,29582,North Myrtle Beach,Myrtle Beach-Conway-North Myrtle Beach,Horry County,SC
170,3987,3987,5.950174524454449e+17,0.0,112.0,40.41409691629956,174.6762114537445,0.0,112.0,40.26315789473684,173.52631578947367,0.0,-0.1509390215627206,-1.1498956642708151,0.0,-0.3734811194106996,-0.6583012390186375,-0.2848201196079378,29577,Myrtle Beach,Myrtle Beach-Conway-North Myrtle Beach,Horry County,SC
171,4009,4009,5.986895883401068e+17,0.0,175.0,88.0,450.0,0.0,175.0,86.25,437.5,0.0,-1.75,-12.5,0.0,-1.9886363636363635,-2.7777777777777777,-0.7891414141414141,4071,Raymond,Portland-South Portland,Cumberland County,ME
172,4036,4036,50065010.0,0.0,149.0,52.27312775330397,222.1057268722467,0.0,149.0,67.1842105263158,327.32706766917295,0.0,14.911082773011827,105.22134079692626,0.0,28.52533110967204,47.37443841664141,18.84910730696936,29582,North Myrtle Beach,Myrtle Beach-Conway-North Myrtle Beach,Horry County,SC
173,4067,4067,50153037.0,0.0,,32.0,228.0,0.0,,32.0,228.0,,0.0,0.0,,0.0,0.0,,4064,Old Orchard Beach,Portland-South Portland,York County,ME
174,4067,4067,50153037.0,0.0,,32.0,228.0,0.0,,32.0,228.0,,0.0,0.0,,0.0,0.0,,4064,Old Orchard Beach,Portland-South Portland,York County,ME
175,4119,4119,50216150.0,0.0,75.0,25.0,100.0,0.0,75.0,25.0,100.0,0.0,0.0,0.0,0.0,0.0,0.0,0.0,29579,Forestbrook,Myrtle Beach-Conway-North Myrtle Beach,Horry County,SC
176,4133,4133,50284507.0,0.0,149.0,52.27312775330397,222.1057268722467,0.0,149.0,67.1842105263158,327.32706766917295,0.0,14.911082773011827,105.22134079692626,0.0,28.52533110967204,47.37443841664141,18.84910730696936,29582,North Myrtle Beach,Myrtle Beach-Conway-North Myrtle Beach,Horry County,SC
177,4188,4188,50516702.0,0.0,125.0,43.618942731277535,186.2533039647577,0.0,125.0,42.1578947368421,177.0,0.0,-1.4610479944354324,-9.253303964757691,0.0,-3.349572233872072,-4.968128762166053,-1.6185565282939811,28480,Wrightsville Beach,Wilmington,New Hanover County,NC
178,4216,4216,50692813.0,0.0,100.0,58.82599118942731,318.7819383259912,0.0,100.0,58.0,313.0,0.0,-0.8259911894273131,-5.781938325991177,0.0,-1.4041262590332126,-1.813759699295912,-0.4096334402626993,4064,Old Orchard Beach,Portland-South Portland,York County,ME
179,4251,4251,50851491.0,0.0,250.0,76.0,289.0,0.0,250.0,76.0,289.0,0.0,0.0,0.0,0.0,0.0,0.0,0.0,4064,Old Orchard Beach,Portland-South Portland,York County,ME
180,4319,4319,51171259.0,0.0,120.0,55.53005464480874,273.19535519125685,0.0,120.0,53.04932182490752,255.8434032059186,0.0,-2.4807328199012204,-17.351951985338246,0.0,-4.467369671737092,-6.351481332173677,-1.8841116604365844,33109,Fisher Island,Miami-Fort Lauderdale-West Palm Beach,Miami-Dade County,FL
181,4432,4432,51647881.0,0.0,149.0,52.27312775330397,222.1057268722467,0.0,149.0,67.1842105263158,327.32706766917295,0.0,14.911082773011827,105.22134079692626,0.0,28.52533110967204,47.37443841664141,18.84910730696936,29582,North Myrtle Beach,Myrtle Beach-Conway-North Myrtle Beach,Horry County,SC
182,4433,4433,51647896.0,0.0,149.0,50.38986784140969,207.77533039647577,0.0,149.0,64.73308270676692,310.2368421052632,0.0,14.343214865357233,102.4615117087874,0.0,28.46448200757173,49.3136078827409,20.849125875169168,29582,North Myrtle Beach,Myrtle Beach-Conway-North Myrtle Beach,Horry County,SC
183,4438,4438,51669928.0,0.0,200.0,75.74386920980926,335.80108991825614,0.0,200.0,79.5307881773399,362.6354679802956,0.0,3.786918967530639,26.834378062039438,0.0,4.999637603725968,7.991152759084764,2.9915151553587966,33141,Miami Beach,Miami-Fort Lauderdale-West Palm Beach,Miami-Dade County,FL
184,4444,4444,51690590.0,0.0,95.0,41.00118203309693,194.98345153664303,0.0,95.0,41.21536796536797,196.29545454545453,0.0,0.214185932271036,1.3120030088115016,0.0,0.5223896523230502,0.6728791589602865,0.1504895066372362,33138,Miami,Miami-Fort Lauderdale-West Palm Beach,Miami-Dade County,FL
185,4551,4551,52023515.0,0.0,186.8546255506608,43.27312775330397,118.15859030837004,0.0,187.31578947368425,53.22744360902256,189.54511278195488,0.4611639230234345,9.95431585571859,71.38652247358485,0.2468035895094295,23.00345820266843,60.4158549008417,37.16559310866384,29577,Myrtle Beach,Myrtle Beach-Conway-North Myrtle Beach,Horry County,SC
186,4637,4637,52364652.0,0.0,230.0,89.32016348773843,403.275204359673,0.0,230.0,97.23152709359606,459.4618226600985,0.0,7.91136360585763,56.18661830042549,0.0,8.857309813302878,13.932574503220332,5.075264689917454,33133,Miami,Miami-Fort Lauderdale-West Palm Beach,Miami-Dade County,FL
187,4773,4773,52900314.0,0.0,75.0,51.15859030837005,286.1894273127753,0.0,75.0,49.21052631578947,271.57894736842104,0.0,-1.948063992580579,-14.610479944354267,0.0,-3.807892244172835,-5.105178091847024,-1.2972858476741886,4064,Old Orchard Beach,Portland-South Portland,York County,ME
188,4777,4777,52910693.0,0.0,168.0,56.618942731277535,232.90088105726872,0.0,168.0,62.29887218045113,273.72556390977445,0.0,5.679929449173592,40.82468285250573,0.0,10.031853607954917,17.528779911514043,7.496926303559128,29582,North Myrtle Beach,Myrtle Beach-Conway-North Myrtle Beach,Horry County,SC
189,4836,4836,53080735.0,0.0,195.0,98.18364928909952,502.5604265402844,0.0,195.0,97.13203463203465,495.7911255411256,0.0,-1.0516146570648743,-6.769300999158816,0.0,-1.0710690269501175,-1.346962602240668,-0.2758935752905502,33141,Miami Beach,Miami-Fort Lauderdale-West Palm Beach,Miami-Dade County,FL
190,4840,4840,53090102.0,0.0,139.0,42.98237885462555,164.08810572687224,0.0,139.0,57.07142857142857,264.22556390977445,0.0,14.089049716803018,100.1374581829022,0.0,32.778664402114224,61.026640376714994,28.24797597460077,29579,Forestbrook,Myrtle Beach-Conway-North Myrtle Beach,Horry County,SC
191,4867,4867,53231187.0,0.0,110.0,40.0299727520436,173.02861035422345,0.0,110.0,39.10591133004926,166.73645320197045,0.0,-0.9240614219943382,-6.292157152252997,0.0,-2.3084238096244105,-3.636483665546247,-1.3280598559218362,33133,Miami,Miami-Fort Lauderdale-West Palm Beach,Miami-Dade County,FL
192,4892,4892,53308755.0,0.0,90.0,57.10132158590309,314.0330396475771,0.0,90.0,71.0,412.0,0.0,13.898678414096914,97.96696035242292,0.0,24.340379571053845,31.19638636188285,6.85600679082901,28480,Wrightsville Beach,Wilmington,New Hanover County,NC
193,4897,4897,53340685.0,0.0,145.0,46.502202643171806,182.2819383259912,0.0,145.0,50.892857142857146,213.6428571428572,0.0,4.39065449968534,31.36091881686596,0.0,9.441820494776168,17.204622193988527,7.76280169921236,3809,Alton,Laconia,Belknap County,NH
194,5064,5064,53768165.0,0.0,149.0,52.27312775330397,222.1057268722467,0.0,149.0,67.1842105263158,327.32706766917295,0.0,14.911082773011827,105.22134079692626,0.0,28.52533110967204,47.37443841664141,18.84910730696936,29582,North Myrtle Beach,Myrtle Beach-Conway-North Myrtle Beach,Horry County,SC
195,5065,5065,53768170.0,0.0,149.0,52.27312775330397,222.1057268722467,0.0,149.0,67.1842105263158,327.32706766917295,0.0,14.911082773011827,105.22134079692626,0.0,28.52533110967204,47.37443841664141,18.84910730696936,29582,North Myrtle Beach,Myrtle Beach-Conway-North Myrtle Beach,Horry County,SC
196,5086,5086,53828526.0,0.0,128.0,56.24449339207048,271.9207048458149,0.0,128.0,56.21052631578947,271.7368421052632,0.0,-0.0339670762810087,-0.1838627405517172,0.0,-0.060391825461437,-0.0676163077232281,-0.0072244822617911,4084,Standish,Portland-South Portland,Cumberland County,ME
197,5099,5099,53846237.0,0.0,,39.8590308370044,279.9779735682819,0.0,,39.78947368421053,279.4736842105263,,-0.0695571527938696,-0.5042893577556242,,-0.1745078877565032,-0.1801175111486534,,28428,Carolina Beach,Wilmington,New Hanover County,NC
198,5144,5144,53949508.0,0.0,230.0,89.12114537444934,400.8259911894273,0.0,230.0,114.5,582.1428571428571,0.0,25.37885462555066,181.31686595342975,0.0,28.4768048243988,45.23580554628774,16.759000721888945,28480,Wrightsville Beach,Wilmington,New Hanover County,NC
199,5208,5208,54120982.0,0.0,280.0,214.2797356828194,1238.4493392070483,0.0,280.0,247.6296992481203,1473.2857142857142,0.0,33.3499635653009,234.83637507866592,0.0,15.56375056139984,18.962130112566932,3.398379551167096,28461,Boiling Spring Lakes,Myrtle Beach-Conway-North Myrtle Beach,Brunswick County,NC
200,5211,5211,54123047.0,0.0,179.0,54.0,203.3112582781457,0.0,179.0,54.0,203.21052631578948,0.0,0.0,-0.1007319623562068,0.0,0.0,-0.0495456883250398,-0.0495456883250398,28512,Atlantic Beach,Morehead City,Carteret County,NC
201,5389,5389,6.050165059264842e+17,0.0,100.0,38.94933920704846,174.75770925110132,0.0,100.0,39.92857142857143,181.42857142857144,0.0,0.9792322215229704,6.670862177470127,0.0,2.51411767557218,3.817206237170958,1.3030885615987784,4015,Casco,Portland-South Portland,Cumberland County,ME
202,5389,5389,6.050165059264842e+17,0.0,100.0,38.94933920704846,174.75770925110132,0.0,100.0,39.92857142857143,181.42857142857144,0.0,0.9792322215229704,6.670862177470127,0.0,2.51411767557218,3.817206237170958,1.3030885615987784,4015,Casco,Portland-South Portland,Cumberland County,ME
203,5389,5389,6.050165059264842e+17,0.0,100.0,38.94933920704846,174.75770925110132,0.0,100.0,39.92857142857143,181.42857142857144,0.0,0.9792322215229704,6.670862177470127,0.0,2.51411767557218,3.817206237170958,1.3030885615987784,4015,Casco,Portland-South Portland,Cumberland County,ME
204,5398,5398,6.06306408800314e+17,0.0,145.0,38.29295154185022,127.5748898678414,0.0,145.0,38.36842105263158,128.26315789473685,0.0,0.0754695107813603,0.6882680268954431,0.0,0.1970846010626263,0.5395011726903627,0.3424165716277363,4055,Naples,Portland-South Portland,Cumberland County,ME
205,5398,5398,6.06306408800314e+17,0.0,145.0,38.29295154185022,127.5748898678414,0.0,145.0,38.36842105263158,128.26315789473685,0.0,0.0754695107813603,0.6882680268954431,0.0,0.1970846010626263,0.5395011726903627,0.3424165716277363,4055,Naples,Portland-South Portland,Cumberland County,ME
206,5419,5419,6.086058732849101e+17,0.0,100.0,51.12114537444934,266.38766519823787,0.0,100.0,61.52067669172932,338.88157894736844,0.0,10.39953131727998,72.49391374913057,0.0,20.342915326145505,27.213690129076635,6.87077480293113,29582,North Myrtle Beach,Myrtle Beach-Conway-North Myrtle Beach,Horry County,SC
207,5435,5435,6.107950397616712e+17,0.0,250.0,111.7819383259912,541.2995594713657,0.0,250.0,129.82894736842104,670.2067669172932,0.0,18.047009042429835,128.9072074459275,0.0,16.144834588392172,23.81439356274713,7.66955897435496,28480,Wrightsville Beach,Wilmington,New Hanover County,NC
208,5442,5442,6.129179506586508e+17,0.0,,5.0,33.15418502202643,0.0,,5.0,32.421052631578945,,0.0,-0.7331323904474871,,0.0,-2.211281592234648,,28428,Carolina Beach,Wilmington,New Hanover County,NC
209,5451,5451,6.143744452389167e+17,0.0,,43.69823788546256,310.2687224669604,0.0,,41.26315789473684,294.6842105263158,,-2.4350799907257183,-15.584511940644632,,-5.572490124449196,-5.022907825426773,,4064,Old Orchard Beach,Portland-South Portland,York County,ME
210,5451,5451,6.143744452389167e+17,0.0,,43.69823788546256,310.2687224669604,0.0,,41.26315789473684,294.6842105263158,,-2.4350799907257183,-15.584511940644632,,-5.572490124449196,-5.022907825426773,,4064,Old Orchard Beach,Portland-South Portland,York County,ME
211,5487,5487,6783989.0,0.0,60.0,45.063876651982376,258.02863436123346,0.0,60.0,54.86654135338346,327.05827067669173,0.0,9.802664701401085,69.02963631545828,0.0,21.75282161609117,26.752703817677286,4.999882201586114,4064,Old Orchard Beach,Portland-South Portland,York County,ME
212,5540,5540,8221307.0,0.0,40.0,27.0,149.0,0.0,40.0,27.0,149.0,0.0,0.0,0.0,0.0,0.0,0.0,0.0,4071,Raymond,Portland-South Portland,Cumberland County,ME
